Natural nests;;;;;;;;;;;;;;;;;;;;;
;;;;;;;;;;;;;;;;;;;;;
Date of sampling (1=1 April);Year;Nest;Contamination;Feather treatment;Plant treatment;Sampling;Presence Enterobacteriaceae (1st);Presence Staphylococcus (1st);Presence Enterococcus (1st);log mesophilic bacterial density (1st);log number of feathers (1st);log pigmented feathers (1st);log unpigmented feathers (1st);Sampling;Presence Enterobacteriaceae (2nd);Presence Staphylococcus (2nd);Presence Enterococcus (2nd);log mesophilic bacterial density (2nd);log number of feathers (2nd);log pigmented feathers (2nd);log unpigmented feathers (2nd)
36;2012;10;No Cont;UnPigmented;No plants;1;0;0;0;0.848192481;2.564949357;2.197224577;1.609437912;2;0;0;0;1.020076524;2.397895273;1.098612289;2.197224577
35;2012;106;No Cont;UnPigmented;No plants;1;0;0;0;1.346060424;3.044522438;2.890371758;1.386294361;2;0;0;0;0.806932841;2.708050201;2.079441542;2.079441542
22;2012;111;No Cont;UnPigmented;Plants;1;0;0;0;0.468973279;1.791759469;0;1.791759469;2;0;0;0;0.746891434;2.564949357;2.079441542;1.791759469
36;2012;114;No Cont;UnPigmented;Plants;1;0;0;0;0.480096877;2.63905733;2.302585093;1.609437912;2;0;0;1;0.751584966;2.302585093;1.098612289;2.079441542
24;2012;13;No Cont;UnPigmented;Plants;1;1;0;0;0.543716784;2.397895273;1.609437912;1.945910149;2;0;0;0;0.747714533;3.17805383;1.791759469;2.944438979
23;2012;20;No Cont;UnPigmented;No plants;1;0;0;0;0.766105079;1.386294361;0.693147181;1.098612289;2;0;0;0;1.113058154;3.218875825;2.708050201;2.397895273
39;2012;27;No Cont;UnPigmented;No plants;1;0;1;1;0.870466562;1.791759469;1.386294361;1.098612289;2;0;0;0;1.392019835;3.135494216;0.693147181;3.091042453
39;2012;33;No Cont;UnPigmented;No plants;1;0;0;0;1.423240335;1.098612289;1.098612289;0;2;0;0;0;1.075156057;3.044522438;1.609437912;2.833213344
26;2012;4;No Cont;UnPigmented;No plants;1;0;0;0;0.91303959;1.386294361;2.48490665;0;2;0;0;0;0.343851927;3.135494216;1.791759469;2.890371758
24;2012;40;No Cont;UnPigmented;Plants;1;0;0;0;0.93815755;2.48490665;2.397895273;0.693147181;2;0;0;0;0.680368408;3.63758616;3.044522438;2.890371758
21;2012;43;No Cont;UnPigmented;Plants;1;0;0;0;0.727536582;2.564949357;2.48490665;0.693147181;2;0;0;0;1.19749931;2.890371758;2.197224577;2.302585093
34;2012;51;No Cont;UnPigmented;Plants;1;0;0;0;1.441305089;2.833213344;2.564949357;1.609437912;2;0;0;0;1.400372032;3.433987204;2.944438979;2.564949357
19;2012;53;No Cont;UnPigmented;Plants;1;0;0;0;0.680992547;2.302585093;1.945910149;1.386294361;2;0;0;0;0.707749134;3.044522438;1.791759469;2.772588722
22;2012;55;No Cont;UnPigmented;No plants;1;0;0;0;1.442240483;3.891820298;3.688879454;2.302585093;2;0;0;0;0.217769057;3.135494216;2.833213344;1.945910149
22;2012;61;No Cont;UnPigmented;No plants;1;0;0;0;-0.480930478;3.555348061;0;3.555348061;2;0;0;0;1.176981537;3.135494216;2.63905733;2.302585093
21;2012;7;No Cont;UnPigmented;Plants;1;0;0;0;1.563450485;2.890371758;2.708050201;1.386294361;2;0;0;0;1.103776681;3.610917913;3.295836866;2.397895273
22;2012;74;No Cont;UnPigmented;Plants;1;0;0;0;1.765463195;1.098612289;0.693147181;0.693147181;2;0;0;0;2.126828067;3.465735903;0.693147181;3.433987204
39;2012;87;No Cont;UnPigmented;Plants;1;1;1;1;1.04804759;2.079441542;1.386294361;1.609437912;2;0;0;0;1.428152887;2.302585093;1.098612289;2.079441542
19;2012;88;No Cont;UnPigmented;No plants;1;0;1;1;1.659716215;1.098612289;1.098612289;0;2;1;0;0;0.825595193;4.143134726;3.931825633;2.564949357
25;2012;93;No Cont;UnPigmented;No plants;1;0;0;1;1.433010025;1.386294361;1.386294361;0;2;0;0;0;1.126349504;2.890371758;1.945910149;2.48490665
25;2012;95;No Cont;UnPigmented;Plants;1;0;0;0;1.282508477;3.891820298;2.890371758;3.465735903;2;0;0;0;2.006705452;3.401197382;2.079441542;3.135494216
25;2012;103;No Cont;No feathers;Plants;1;0;0;1;0.932313221;1.098612289;0.693147181;0.693147181;2;0;0;0;0.354831804;3.688879454;3.218875825;2.772588722
42;2012;105;No Cont;No feathers;Plants;1;0;1;1;1.033634661;2.397895273;2.302585093;0.693147181;2;0;0;0;0.502155744;1.945910149;1.386294361;1.386294361
22;2012;107;No Cont;No feathers;No plants;1;0;1;0;1.704955119;2.708050201;1.386294361;2.48490665;2;0;0;0;1.143965067;3.36729583;2.564949357;2.833213344
22;2012;15;No Cont;No feathers;Plants;1;0;0;0;1.106019272;3.044522438;3.044522438;0;2;0;0;0;0.834129432;2.564949357;2.564949357;0
21;2012;36;No Cont;No feathers;Plants;1;0;0;0;0.560745863;2.833213344;2.397895273;1.945910149;2;0;0;0;0.978707533;2.564949357;1.945910149;1.945910149
32;2012;37;No Cont;No feathers;Plants;1;0;0;1;0.840532853;3.931825633;3.33220451;3.17805383;2;0;0;0;1.143062924;2.995732274;2.397895273;2.302585093
24;2012;56;No Cont;No feathers;No plants;1;0;0;0;1.490274816;2.772588722;0.693147181;2.708050201;2;0;0;0;1.054206281;2.772588722;1.386294361;2.564949357
21;2012;6;No Cont;No feathers;Plants;1;0;0;0;1.33156495;2.833213344;1.386294361;2.63905733;2;0;0;0;1.67526664;3.36729583;2.397895273;2.944438979
24;2012;70;No Cont;No feathers;Plants;1;0;1;0;1.015517749;0.693147181;0.693147181;0;2;0;0;0;0.519205809;2.302585093;1.791759469;1.609437912
21;2012;72;No Cont;No feathers;No plants;1;1;0;0;1.755166559;1.386294361;1.386294361;0;2;0;0;0;0.933852717;2.890371758;2.708050201;1.386294361
22;2012;84;No Cont;No feathers;Plants;1;0;0;0;0.946726892;1.098612289;0;1.098612289;2;0;0;0;1.275846429;2.944438979;2.564949357;1.945910149
22;2012;85;No Cont;No feathers;No plants;1;1;0;0;1.895194006;1.386294361;1.098612289;0.693147181;2;0;0;0;1.870192781;2.63905733;1.098612289;2.48490665
26;2012;89;No Cont;No feathers;No plants;1;0;0;0;1.005337178;1.098612289;0.693147181;0.693147181;2;0;0;0;1.718600808;2.772588722;2.197224577;2.079441542
33;2012;9;No Cont;No feathers;No plants;1;0;0;0;0.931637534;1.609437912;1.098612289;1.098612289;2;0;0;0;0.962460226;1.609437912;1.098612289;1.098612289
39;2012;91;No Cont;No feathers;No plants;1;0;0;0;1.965372638;2.708050201;2.564949357;1.098612289;2;0;0;0;1.156057268;2.944438979;2.63905733;1.791759469
21;2012;92;No Cont;No feathers;No plants;1;0;0;0;0.690234503;2.397895273;1.945910149;1.609437912;2;0;0;0;0.955843123;2.397895273;2.302585093;0.693147181
35;2012;96;No Cont;No feathers;Plants;1;0;0;0;0.946970365;1.609437912;0.693147181;1.386294361;2;0;0;0;1.433904855;4.110873864;3.17805383;3.63758616
37;2012;100;No Cont;Pigmented;Plants;1;0;0;1;0.896288683;1.098612289;0;1.098612289;2;0;0;0;0.864925678;2.197224577;2.079441542;0.693147181
35;2012;104;No Cont;Pigmented;Plants;1;0;0;0;0.740425111;3.218875825;2.995732274;1.791759469;2;0;0;0;0.739754095;2.48490665;2.302585093;1.098612289
23;2012;106;No Cont;Pigmented;Plants;1;0;0;0;0.461940162;1.945910149;1.386294361;1.386294361;2;0;0;0;0.740597141;3.295836866;2.944438979;2.197224577
21;2012;110;No Cont;Pigmented;Plants;1;0;0;0;0.135659324;1.098612289;1.098612289;0;2;0;0;0;0.761767505;3.663561646;3.17805383;2.772588722
29;2012;115;No Cont;Pigmented;Plants;1;0;0;1;1.518343668;2.833213344;2.397895273;1.945910149;2;0;0;1;1.01975982;3.091042453;2.833213344;1.791759469
25;2012;17;No Cont;Pigmented;No plants;1;0;0;0;1.187879652;1.609437912;0.693147181;1.386294361;2;0;0;0;1.369745604;3.526360525;3.295836866;2.079441542
24;2012;18;No Cont;Pigmented;Plants;1;0;1;0;1.422487325;2.708050201;2.564949357;1.098612289;2;0;0;0;0.834100666;3.258096538;2.944438979;2.079441542
22;2012;32;No Cont;Pigmented;No plants;1;0;0;0;0.03420697;3.258096538;2.772588722;2.397895273;2;0;0;0;0.949347729;3.295836866;2.833213344;2.397895273
31;2012;34;No Cont;Pigmented;No plants;1;0;0;0;1.804979549;3.583518938;3.465735903;1.609437912;2;0;0;0;1.255629414;1.945910149;1.386294361;1.386294361
25;2012;38;No Cont;Pigmented;Plants;1;0;0;0;-0.48722793;2.564949357;2.302585093;1.386294361;2;0;0;0;0.950528804;3.295836866;2.944438979;2.197224577
39;2012;71;No Cont;Pigmented;No plants;1;1;1;1;1.298750036;1.098612289;0.693147181;0.693147181;2;0;0;0;0.29421308;2.564949357;2.48490665;0.693147181
39;2012;79;No Cont;Pigmented;Plants;1;0;0;0;0.386801908;3.496507561;3.044522438;2.564949357;2;0;0;0;0.570576372;3.761200116;3.044522438;3.135494216
21;2012;8;No Cont;Pigmented;No plants;1;0;0;0;1.235412919;2.197224577;1.386294361;1.791759469;2;0;0;0;1.292078619;2.890371758;1.791759469;2.564949357
21;2012;90;No Cont;Pigmented;Plants;1;0;0;0;1.252351047;2.772588722;2.079441542;2.197224577;2;0;0;0;0.98377053;3.258096538;2.833213344;2.302585093
37;2012;99;No Cont;Pigmented;No plants;1;0;0;0;-0.525155821;1.609437912;0.693147181;1.386294361;2;0;0;0;0.688263867;2.397895273;2.197224577;1.098612289
20;2013;103;Cont;UnPigmented;Plants;1;0;0;0;1.034353972;2.995732274;2.772588722;1.609437912;2;0;0;0;0.892431312;3.33220451;0;3.33220451
44;2013;104;No Cont;UnPigmented;No plants;1;0;0;0;1.388223261;2.197224577;0.693147181;2.079441542;2;0;0;1;1.676021326;2.995732274;0;2.995732274
17;2013;111;Cont;UnPigmented;Plants;1;1;0;0;0.950564659;2.708050201;2.079441542;2.079441542;2;0;0;0;1.479031145;4.33073334;2.833213344;4.094344562
18;2013;114;No Cont;UnPigmented;Plants;1;0;0;1;1.11737396;1.386294361;1.098612289;0.693147181;2;0;0;0;0.809660083;2.995732274;1.609437912;2.772588722
29;2013;115;No Cont;UnPigmented;Plants;1;0;0;0;0.990818258;1.945910149;0.693147181;1.791759469;2;0;0;0;1.236882412;2.708050201;0;2.708050201
19;2013;14;Cont;UnPigmented;No plants;1;1;0;0;1.530377555;2.564949357;2.079441542;1.791759469;2;0;0;0;1.049717299;3.33220451;0.693147181;3.295836866
19;2013;16;Cont;UnPigmented;Plants;1;0;0;0;1.062130276;2.48490665;2.079441542;1.609437912;2;0;0;0;0.757822854;2.944438979;1.098612289;2.833213344
20;2013;18;Cont;UnPigmented;Plants;1;0;0;1;1.216508161;3.496507561;2.564949357;3.044522438;2;0;0;0;1.624846857;3.33220451;0;3.33220451
34;2013;19;Cont;UnPigmented;Plants;1;0;0;0;1.685752862;2.708050201;1.945910149;2.197224577;2;0;0;0;1.942820836;2.63905733;1.098612289;2.48490665
19;2013;20;Cont;UnPigmented;No plants;1;0;0;0;1.098572446;3.17805383;2.995732274;1.609437912;2;0;0;0;1.311180539;3.63758616;0.693147181;3.610917913
36;2013;28;Cont;UnPigmented;No plants;1;0;0;0;1.58601402;2.833213344;0.693147181;2.772588722;2;0;0;0;1.286766482;2.995732274;0.693147181;2.944438979
32;2013;33;No Cont;UnPigmented;Plants;1;0;0;0;1.688172881;2.197224577;0.693147181;2.079441542;2;0;0;0;1.731041013;2.944438979;0.693147181;2.890371758
17;2013;43;No Cont;UnPigmented;No plants;1;0;0;0;0.879120754;2.63905733;2.302585093;1.609437912;2;0;0;0;2.611039701;2.397895273;1.945910149;1.609437912
19;2013;51;Cont;UnPigmented;No plants;1;0;0;0;0.564629488;1.791759469;1.098612289;1.386294361;2;0;0;1;1.311871842;3.465735903;1.609437912;3.33220451
20;2013;55;Cont;UnPigmented;No plants;1;0;0;0;1.352823842;1.945910149;0.693147181;1.791759469;2;0;0;0;0.696415882;3.610917913;0;3.610917913
21;2013;66;Cont;UnPigmented;Plants;1;0;0;1;0.89857231;1.945910149;1.609437912;1.098612289;2;0;0;1;1.376089319;2.708050201;0.693147181;2.63905733
18;2013;72;Cont;UnPigmented;Plants;1;0;0;0;0.843647084;0.693147181;0.693147181;0;2;0;0;0;1.297977353;3.258096538;0;3.258096538
19;2013;79;Cont;UnPigmented;No plants;1;0;0;1;1.61117816;1.386294361;0;1.386294361;2;0;0;0;0.938357764;3.63758616;0;3.63758616
19;2013;96;No Cont;UnPigmented;No plants;1;0;0;0;0.454622261;1.386294361;0.693147181;1.098612289;2;0;0;0;0.881440042;3.713572067;0;3.713572067
20;2013;98;Cont;UnPigmented;Plants;1;0;0;0;1.542793486;1.609437912;1.609437912;0;2;0;0;0;1.281749691;2.944438979;1.945910149;2.564949357
45;2013;10;No Cont;No feathers;Plants;1;0;0;0;1.930254107;1.098612289;0;1.098612289;2;0;0;0;1.598251731;2.302585093;0.693147181;2.197224577
19;2013;15;Cont;No feathers;No plants;1;0;0;0;1.071772655;2.302585093;1.386294361;1.945910149;2;0;0;0;0.150618274;3.828641396;0;3.828641396
19;2013;17;Cont;No feathers;Plants;1;0;0;0;1.178476487;3.17805383;2.772588722;2.197224577;2;0;0;0;0.876611203;3.33220451;0;3.33220451
26;2013;32;No Cont;No feathers;No plants;1;0;0;0;1.212831853;3.688879454;3.33220451;2.564949357;2;0;0;0;1.43469606;2.564949357;0;2.564949357
17;2013;36;No Cont;No feathers;Plants;1;1;0;0;0.635366653;2.079441542;1.386294361;1.609437912;2;0;0;0;0.971905209;3.465735903;1.098612289;3.401197382
18;2013;38;Cont;No feathers;No plants;1;0;0;0;-0.180651136;1.609437912;0.693147181;1.386294361;2;0;0;0;0.580881371;3.218875825;1.386294361;3.091042453
17;2013;42;Cont;No feathers;No plants;1;1;0;0;2.14865293;2.708050201;2.564949357;1.098612289;2;0;0;0;1.288011155;2.890371758;2.197224577;2.302585093
28;2013;47;No Cont;No feathers;No plants;1;0;0;0;1.204716208;2.48490665;0;0;2;0;0;1;1.714458918;2.944438979;2.197224577;2.397895273
17;2013;48;No Cont;No feathers;No plants;1;0;0;0;1.35084433;1.386294361;0;1.386294361;2;0;0;0;1.289220822;4.204692619;2.302585093;4.060443011
34;2013;49;No Cont;No feathers;Plants;1;0;0;0;1.668498569;2.944438979;1.609437912;2.708050201;2;1;0;0;1.112473906;3.044522438;0;3.044522438
19;2013;50;Cont;No feathers;No plants;1;0;0;0;1.127744186;1.791759469;0.693147181;1.609437912;2;0;0;0;1.373343884;2.890371758;0;2.890371758
31;2013;64;Cont;No feathers;Plants;1;0;0;0;2.107452768;1.386294361;0;1.386294361;2;0;1;1;1.853562647;2.772588722;1.098612289;2.63905733
19;2013;69;Cont;No feathers;Plants;1;0;0;0;1.119475105;0;0;0;2;0;0;0;1.028509796;2.708050201;1.945910149;2.197224577
29;2013;70;Cont;No feathers;No plants;1;0;0;0;1.485669324;1.609437912;0.693147181;1.386294361;2;0;0;1;1.583915767;2.397895273;2.197224577;1.098612289
21;2013;74;Cont;No feathers;No plants;1;0;0;0;1.646823282;1.791759469;0.693147181;1.609437912;2;0;0;0;1.526541294;2.564949357;0;2.564949357
21;2013;80;No Cont;No feathers;Plants;1;0;0;1;1.352913386;1.945910149;1.386294361;1.386294361;2;0;0;0;1.813225865;3.433987204;1.791759469;3.258096538
23;2013;88;No Cont;No feathers;Plants;1;0;0;0;2.099466487;2.397895273;1.098612289;2.197224577;2;0;0;1;1.902683134;2.995732274;0;2.995732274
17;2013;9;Cont;No feathers;Plants;1;0;0;0;-0.143719139;2.890371758;2.564949357;1.791759469;2;0;0;0;1.109869676;3.17805383;2.079441542;2.833213344
19;2013;93;Cont;No feathers;Plants;1;0;0;0;1.862225349;1.609437912;0;1.609437912;2;1;0;0;1.056544508;3.295836866;1.098612289;3.218875825
19;2013;94;No Cont;No feathers;No plants;1;0;0;0;1.122697057;0;0;0;2;0;0;0;0.594748604;3.761200116;1.098612289;3.713572067
20;2013;97;Cont;No feathers;Plants;1;0;0;0;0.71875358;2.397895273;1.098612289;2.197224577;2;0;0;0;1.441652774;2.995732274;1.098612289;2.890371758
31;2013;100;Cont;Pigmented;Plants;1;0;0;0;2.081127963;2.197224577;0;2.197224577;2;0;0;1;1.682181488;2.890371758;1.945910149;2.48490665
20;2013;104;Cont;Pigmented;No plants;1;0;0;0;1.269127527;2.302585093;2.197224577;0.693147181;2;0;0;0;1.220309457;1.945910149;1.945910149;0
18;2013;109;Cont;Pigmented;No plants;1;0;0;0;1.445281832;3.401197382;3.295836866;1.386294361;2;0;0;0;1.406642751;3.80666249;2.995732274;3.258096538
26;2013;110;No Cont;Pigmented;Plants;1;0;0;0;1.420027476;2.197224577;1.945910149;1.098612289;2;0;0;0;1.427692034;2.564949357;1.945910149;1.945910149
20;2013;113;Cont;Pigmented;Plants;1;0;0;0;0.780432234;0.693147181;0;0.693147181;2;0;0;0;0.834971857;2.772588722;2.564949357;1.386294361
45;2013;116;Cont;Pigmented;Plants;1;0;0;0;1.048517132;1.791759469;0;1.791759469;2;0;0;0;1.485730351;2.708050201;2.397895273;1.609437912
17;2013;13;Cont;Pigmented;Plants;1;0;0;0;1.322572683;1.609437912;1.609437912;0;2;0;0;0;1.233866137;3.433987204;2.708050201;2.833213344
17;2013;34;Cont;Pigmented;No plants;1;0;0;0;1.891635604;3.044522438;2.708050201;1.945910149;2;0;0;0;1.233455788;3.850147602;2.772588722;3.465735903
18;2013;35;Cont;Pigmented;Plants;1;0;0;0;1.331411118;2.079441542;1.791759469;1.098612289;2;0;0;0;1.459558109;3.401197382;2.302585093;3.044522438
36;2013;4;No Cont;Pigmented;No plants;1;0;0;0;1.971797263;1.791759469;0.693147181;1.609437912;2;0;0;0;1.39031909;2.995732274;2.890371758;1.098612289
18;2013;40;No Cont;Pigmented;No plants;1;0;0;1;1.532282445;1.791759469;1.609437912;0.693147181;2;0;0;0;1.317242905;2.995732274;1.791759469;2.708050201
19;2013;53;No Cont;Pigmented;Plants;1;0;0;0;0.731271975;1.386294361;1.098612289;0.693147181;2;0;0;0;0.780576558;3.33220451;2.397895273;2.890371758
19;2013;6;Cont;Pigmented;No plants;1;0;0;0;1.028579788;1.386294361;0;1.386294361;2;0;0;0;0.60232889;3.63758616;2.772588722;3.135494216
29;2013;60;Cont;Pigmented;Plants;1;0;0;0;1.692964937;2.079441542;0;2.079441542;2;0;0;0;1.276263578;2.302585093;2.079441542;1.098612289
20;2013;61;No Cont;Pigmented;No plants;1;0;0;0;0.886867928;2.197224577;1.098612289;1.945910149;2;0;0;0;1.215800592;3.433987204;2.302585093;3.091042453
18;2013;7;Cont;Pigmented;No plants;1;0;0;0;1.155111481;1.791759469;1.386294361;1.098612289;2;0;0;0;1.242053322;4.219507705;2.833213344;3.951243719
19;2013;71;No Cont;Pigmented;No plants;1;0;0;0;1.386595795;1.386294361;0.693147181;1.098612289;2;0;0;0;1.041139591;3.044522438;2.302585093;2.48490665
20;2013;8;Cont;Pigmented;No plants;1;0;0;0;1.50140786;1.609437912;0.693147181;1.386294361;2;0;0;0;0.701247701;3.610917913;1.945910149;3.433987204
31;2013;84;Cont;Pigmented;Plants;1;0;0;0;1.539977769;2.708050201;2.302585093;1.791759469;2;0;0;0;1.629380724;2.564949357;1.945910149;1.945910149
21;2013;87;Cont;Pigmented;Plants;1;0;0;0;1.551794877;1.791759469;0;1.791759469;2;0;0;0;1.848726113;3.555348061;2.302585093;3.258096538
31;2013;91;Cont;Pigmented;Plants;1;0;0;0;2.440643868;2.63905733;1.609437912;2.302585093;2;0;0;0;1.392934651;2.890371758;0.693147181;2.833213344
21;2013;95;Cont;Pigmented;No plants;1;0;0;0;1.796965023;2.772588722;0;2.772588722;2;0;0;0;1.39861373;3.891820298;2.63905733;3.583518938
20;2013;99;Cont;Pigmented;Plants;1;1;0;1;1.314023555;2.708050201;0.693147181;2.63905733;2;0;0;0;1.403718478;3.80666249;2.48490665;3.526360525
;;;;;;;;;;;;;;;;;;;;;
;;;;;;;;;;;;;;;;;;;;;
Artificial nests 2012;;;;;;;;;;;;;;;;;;;;;
;;;;;;;;;;;;;;;;;;;;;
Nest;Year;Area;Plants treatment;Feather treatment;Log mesophilic bacterial density (1st sampling);log mesophilic bacterial density (2nd sampling);;;;;;;;;;;;;;;
C1;2012;Area 1;No plants;No feathers;0;0.390201415;;;;;;;;;;;;;;;
C11;2012;Area 1;Non-aromatic;No feathers;0.303477314;0;;;;;;;;;;;;;;;
C14;2012;Area 1;Non-aromatic;Pigmented;0.373919907;0.391848842;;;;;;;;;;;;;;;
C16;2012;Area 1;No plants;No feathers;1.314128297;0.554344931;;;;;;;;;;;;;;;
C17;2012;Area 1;Aromatics;Unpigmented;1.080776065;0.386807479;;;;;;;;;;;;;;;
C18;2012;Area 1;No plants;Unpigmented;0.657937797;0.779767828;;;;;;;;;;;;;;;
C19;2012;Area 1;Non-aromatic;No feathers;0.7067408;1.448637366;;;;;;;;;;;;;;;
C2;2012;Area 1;Aromatics;No feathers;0;0.474516885;;;;;;;;;;;;;;;
C23;2012;Area 1;Aromatics;Pigmented;0.312924243;1.281053997;;;;;;;;;;;;;;;
C26;2012;Area 1;Non-aromatic;No feathers;0;0;;;;;;;;;;;;;;;
C28;2012;Area 1;Aromatics;Unpigmented;0.165633336;0;;;;;;;;;;;;;;;
C32;2012;Area 1;Aromatics;Unpigmented;0.306751853;0.757561321;;;;;;;;;;;;;;;
C33;2012;Area 1;Non-aromatic;No feathers;0.699521489;0.497519661;;;;;;;;;;;;;;;
C34;2012;Area 1;Aromatics;Pigmented;0.480767302;0.59117176;;;;;;;;;;;;;;;
C35;2012;Area 1;Non-aromatic;Unpigmented;1.011817095;1.932962359;;;;;;;;;;;;;;;
C36;2012;Area 1;No plants;No feathers;0;0.404567788;;;;;;;;;;;;;;;
C38;2012;Area 1;Aromatics;No feathers;0.179093888;0;;;;;;;;;;;;;;;
C39;2012;Area 1;Non-aromatic;Pigmented;0.172998189;0.186751873;;;;;;;;;;;;;;;
C43;2012;Area 1;Aromatics;Pigmented;0.425687619;0.396016246;;;;;;;;;;;;;;;
C44;2012;Area 1;No plants;Pigmented;1.151643802;1.214437145;;;;;;;;;;;;;;;
C45;2012;Area 1;Non-aromatic;Unpigmented;0;0.659634781;;;;;;;;;;;;;;;
C46;2012;Area 1;Non-aromatic;Pigmented;0.784175439;0.853086389;;;;;;;;;;;;;;;
C47;2012;Area 1;Aromatics;Pigmented;0.3054507;0.306018287;;;;;;;;;;;;;;;
C5;2012;Area 1;Aromatics;No feathers;0.167728701;0.185160739;;;;;;;;;;;;;;;
C50;2012;Area 1;Non-aromatic;Unpigmented;1.031898317;0.921260785;;;;;;;;;;;;;;;
C6;2012;Area 1;No plants;Unpigmented;0;0;;;;;;;;;;;;;;;
C61;2012;Area 1;Aromatics;Unpigmented;0.175172689;1.610114089;;;;;;;;;;;;;;;
C64;2012;Area 1;No plants;Unpigmented;0;0;;;;;;;;;;;;;;;
C68;2012;Area 1;No plants;No feathers;0.55149875;0.291589639;;;;;;;;;;;;;;;
C7;2012;Area 1;No plants;Pigmented;0;0.451163486;;;;;;;;;;;;;;;
C70;2012;Area 1;Aromatics;No feathers;0.598092028;0.399039897;;;;;;;;;;;;;;;
C9;2012;Area 1;Non-aromatic;Unpigmented;1.018512716;0.17784684;;;;;;;;;;;;;;;
PI1;2012;Area 1;Aromatics;Unpigmented;0;0;;;;;;;;;;;;;;;
PI2;2012;Area 1;Non-aromatic;Unpigmented;0;0;;;;;;;;;;;;;;;
PI3;2012;Area 1;Aromatics;Pigmented;0.416737348;0;;;;;;;;;;;;;;;
PI4;2012;Area 1;Non-aromatic;Pigmented;0.188287429;0.180981713;;;;;;;;;;;;;;;
PI6;2012;Area 1;Non-aromatic;No feathers;0.174831852;0.472372315;;;;;;;;;;;;;;;
PI7;2012;Area 1;No plants;No feathers;0;0.456050754;;;;;;;;;;;;;;;
P1;2012;Area 2;Aromatics;Unpigmented;0.307847164;1.086821544;;;;;;;;;;;;;;;
P10;2012;Area 2;No plants;No feathers;0.303932347;1.454256758;;;;;;;;;;;;;;;
P11;2012;Area 2;Aromatics;Unpigmented;0.506853219;1.248205185;;;;;;;;;;;;;;;
P12;2012;Area 2;Non-aromatic;Unpigmented;0.406341225;0.759159969;;;;;;;;;;;;;;;
P13;2012;Area 2;Aromatics;Pigmented;0.476483019;0.941681923;;;;;;;;;;;;;;;
P14;2012;Area 2;Non-aromatic;Pigmented;1.177396951;1.302729545;;;;;;;;;;;;;;;
P15;2012;Area 2;Aromatics;No feathers;0.461387166;0.924794605;;;;;;;;;;;;;;;
P16;2012;Area 2;Non-aromatic;No feathers;0.895507926;2.829535212;;;;;;;;;;;;;;;
P18;2012;Area 2;No plants;No feathers;0.673129619;2.178815867;;;;;;;;;;;;;;;
P2;2012;Area 2;Non-aromatic;Unpigmented;0.173205163;1.12646493;;;;;;;;;;;;;;;
P20;2012;Area 2;Non-aromatic;Unpigmented;0.482899351;1.074862467;;;;;;;;;;;;;;;
P22;2012;Area 2;Non-aromatic;Pigmented;0.626197274;0.852363048;;;;;;;;;;;;;;;
P23;2012;Area 2;Aromatics;No feathers;0.397308592;2.411445495;;;;;;;;;;;;;;;
P24;2012;Area 2;Non-aromatic;No feathers;1.281368285;2.84474162;;;;;;;;;;;;;;;
P26;2012;Area 2;No plants;Pigmented;1.167348257;1.480042312;;;;;;;;;;;;;;;
P27;2012;Area 2;No plants;No feathers;1.051451244;1.741618887;;;;;;;;;;;;;;;
P28;2012;Area 2;Aromatics;Unpigmented;0.393191973;1.222184056;;;;;;;;;;;;;;;
P29;2012;Area 2;Non-aromatic;Unpigmented;0.64718692;2.904170741;;;;;;;;;;;;;;;
P3;2012;Area 2;Aromatics;Pigmented;1.085639047;1.114004689;;;;;;;;;;;;;;;
P30;2012;Area 2;Aromatics;Pigmented;0.296615069;2.395014385;;;;;;;;;;;;;;;
P31;2012;Area 2;Non-aromatic;Pigmented;0.784990442;1.100860448;;;;;;;;;;;;;;;
P32;2012;Area 2;Aromatics;No feathers;0;1.96982107;;;;;;;;;;;;;;;
P33;2012;Area 2;Non-aromatic;No feathers;0.311698371;2.74954213;;;;;;;;;;;;;;;
P35;2012;Area 2;No plants;Unpigmented;0.48901526;2.156135729;;;;;;;;;;;;;;;
P36;2012;Area 2;No plants;Pigmented;0.445073106;2.777345492;;;;;;;;;;;;;;;
P39;2012;Area 2;Non-aromatic;Unpigmented;0.191379329;1.864410106;;;;;;;;;;;;;;;
P4;2012;Area 2;Non-aromatic;Pigmented;0.450250256;1.419319865;;;;;;;;;;;;;;;
P40;2012;Area 2;Aromatics;Pigmented;0.372875415;2.783757399;;;;;;;;;;;;;;;
P41;2012;Area 2;Non-aromatic;Pigmented;0;0;;;;;;;;;;;;;;;
P42;2012;Area 2;Aromatics;No feathers;0;2.835945468;;;;;;;;;;;;;;;
P43;2012;Area 2;Non-aromatic;No feathers;0.994310153;2.311957357;;;;;;;;;;;;;;;
P45;2012;Area 2;No plants;No feathers;0;2.220906519;;;;;;;;;;;;;;;
P5;2012;Area 2;Aromatics;No feathers;0.985130858;2.809866966;;;;;;;;;;;;;;;
P8;2012;Area 2;No plants;Unpigmented;0.651662361;1.155709172;;;;;;;;;;;;;;;
P9;2012;Area 2;No plants;Pigmented;0;1.51029528;;;;;;;;;;;;;;;
;;;;;;;;;;;;;;;;;;;;;
;;;;;;;;;;;;;;;;;;;;;
Artificial nests 2013;;;;;;;;;;;;;;;;;;;;;
;;;;;;;;;;;;;;;;;;;;;
Nest;Area;Year;Contaminated nest;Plant treatment;Feather treatment;log mesophilic bacterial density (1st sampling) cont egg;log mesophilic bacterial density (2nd sampling) cont egg;log mesophilic bacterial density (3rd sampling) cont egg;log mesophilic bacterial density (1st sampling) nocont egg;log mesophilic bacterial density (2nd sampling) nocont egg;log mesophilic bacterial density (3rd sampling) nocont egg;;;;;;;;;;
C11;Area 1;2013;Cont;No plants;Pigmented;0.193052351;0.218473219;0.190669477;0.069858391;0.167403932;0.070300985;;;;;;;;;;
C14;Area 1;2013;No Cont;Aromatics;No feather;;;;0;0.190995159;0.071344894;;;;;;;;;;
C16;Area 1;2013;Cont;No plants;No feather;0;0.075629888;0.108368694;0.066546683;0.071886965;0.066843404;;;;;;;;;;
C18;Area 1;2013;Cont;Aromatics;Unpigmented;0.152704693;0.073473221;0.167622314;0;0.074593981;0.067683582;;;;;;;;;;
C2;Area 1;2013;Cont;Aromatics;No feather;0.068925723;0.11074899;0.075849743;0;0;0.074698783;;;;;;;;;;
C21;Area 1;2013;Cont;Non-aromatic;No feather;0.119408297;0.070319495;0;0.117665794;0.119237155;0;;;;;;;;;;
C26;Area 1;2013;Cont;Non-aromatic;Unpigmented;0.143498318;0.115762757;0.197793845;0;0.167477378;0.116336545;;;;;;;;;;
C28;Area 1;2013;Cont;No plants;Unpigmented;0.122752131;0.147554971;0.236648339;0.150655965;0.201829352;0.146070562;;;;;;;;;;
C29;Area 1;2013;No Cont;No plants;Pigmented;;;;0.120886482;0.064886997;0.202280333;;;;;;;;;;
C3;Area 1;2013;No Cont;Non-aromatic;Unpigmented;;;;0.2024773;0;0.267850733;;;;;;;;;;
C31;Area 1;2013;Cont;No plants;Unpigmented;0.064862526;0.171772875;0.186446663;0.121698049;0.193015882;0.07425108;;;;;;;;;;
C32;Area 1;2013;Cont;No plants;Pigmented;0;0.119431817;0.233926414;0.071405284;0.15363261;0.188875691;;;;;;;;;;
C33;Area 1;2013;Cont;No plants;No feather;0;0;0.141614783;0.117552892;0;0.069495753;;;;;;;;;;
C34;Area 1;2013;No Cont;Aromatics;Unpigmented;;;;0.205198017;0.169916868;0.10869086;;;;;;;;;;
C35;Area 1;2013;Cont;Non-aromatic;Pigmented;0.284521791;0.069725422;0.241291111;0.147460006;0.188935463;0.144416056;;;;;;;;;;
C38;Area 1;2013;Cont;Aromatics;No feather;0.303885613;0.263161709;0.265388334;0;0;0;;;;;;;;;;
C39;Area 1;2013;Cont;Non-aromatic;Pigmented;0;0.06853456;0.068131397;0;0.151814026;0.173388291;;;;;;;;;;
C44;Area 1;2013;No Cont;No plants;No feather;;;;0.143041588;0.28411367;0;;;;;;;;;;
C44;Area 1;2013;No Cont;No plants;No feather;;;;0.069086585;0.11369054;0.071953542;;;;;;;;;;
C45;Area 1;2013;No Cont;Non-aromatic;No feather;;;;0;0;0.071979569;;;;;;;;;;
C46;Area 1;2013;Cont;Non-aromatic;Unpigmented;0.118367091;0.117708693;0.234631969;0.120004127;0.110354398;0.373127187;;;;;;;;;;
C47;Area 1;2013;Cont;Aromatics;Pigmented;0.113737216;0.145488238;0.190890834;0.176735763;0.075367433;0.117118367;;;;;;;;;;
C5;Area 1;2013;No Cont;Non-aromatic;Pigmented;;;;0;0.119141287;0.2545233;;;;;;;;;;
C6;Area 1;2013;No Cont;Aromatics;Pigmented;;;;0;0.119021595;0.076303069;;;;;;;;;;
C61;Area 1;2013;No Cont;Aromatics;Pigmented;;;;0;0.167999277;0.214528775;;;;;;;;;;
C69;Area 1;2013;Cont;Non-aromatic;No feather;0.113734162;0.070572923;0.119541111;0.074756412;0.109426716;0.149928277;;;;;;;;;;
C7;Area 1;2013;Cont;Aromatics;Pigmented;0.124606801;0.124606801;0.075120166;0.178661263;0.070615241;0.122242598;;;;;;;;;;
C9;Area 1;2013;No Cont;No plants;Unpigmented;;;;0.07418042;0;0.187556114;;;;;;;;;;
P1;Area 1;2013;Cont;Aromatics;Unpigmented;0;0.226861311;0.208238725;0.072900672;0.069967307;0.111761247;;;;;;;;;;
P10;Area 1;2013;Cont;Non-aromatic;Pigmented;0.111931577;0.200113697;0.111223556;0.15353437;0;0.11392502;;;;;;;;;;
P11;Area 1;2013;No Cont;No plants;Unpigmented;;;;0.228427336;0.196346315;0.191979663;;;;;;;;;;
P12;Area 1;2013;Cont;No plants;Unpigmented;0.205108156;0.273261558;0.111295337;0.112759638;0.067487625;0.137059562;;;;;;;;;;
P13;Area 1;2013;Cont;No plants;Unpigmented;0.12782547;0.073061407;0.316825081;0.241500834;0.213543398;0;;;;;;;;;;
P14;Area 1;2013;No Cont;No plants;Pigmented;;;;0.070503725;0.143147575;0.267025482;;;;;;;;;;
P15;Area 1;2013;Cont;No plants;Pigmented;0.184411151;0.1729066;0.273460793;0.166832137;0;0.260080481;;;;;;;;;;
P16;Area 1;2013;Cont;No plants;Pigmented;0.175498586;0.221436797;0.201500461;0.179717691;0.119240555;0.150064257;;;;;;;;;;
P17;Area 1;2013;No Cont;Aromatics;No feather;;;;0.30293326;0.11217104;0;;;;;;;;;;
P18;Area 1;2013;Cont;Aromatics;No feather;0.118723486;0.072864809;0.163663408;0.122356591;0.117091762;0;;;;;;;;;;
P19;Area 1;2013;Cont;Aromatics;No feather;0;0.119269008;0;0.079926403;0.117594022;0.32164837;;;;;;;;;;
P2;Area 1;2013;Cont;Aromatics;Unpigmented;0.210384991;0.271091988;0;0.275906771;0.147251339;0.117867053;;;;;;;;;;
P20;Area 1;2013;No Cont;No plants;No feather;;;;0;0;0.155673998;;;;;;;;;;
P20;Area 1;2013;No Cont;No plants;No feather;;;;0.262838423;0;0.118180932;;;;;;;;;;
P21;Area 1;2013;Cont;No plants;No feather;0.073112276;0.118997644;0.117244537;0.146718486;0.069412643;0;;;;;;;;;;
P22;Area 1;2013;Cont;No plants;No feather;0.112778558;0.069972311;0;0.175142356;0.11452305;0;;;;;;;;;;
P25;Area 1;2013;No Cont;Non-aromatic;No feather;;;;0.118240148;0;0.111500905;;;;;;;;;;
P27;Area 1;2013;Cont;Non-aromatic;No feather;0.147833541;0.168386453;0.143221245;0.072930423;0;0.076702332;;;;;;;;;;
P3;Area 1;2013;Cont;Aromatics;Pigmented;0.177627683;0.264166995;0.310445894;0.115891845;0.170738216;0.191281413;;;;;;;;;;
P4;Area 1;2013;Cont;Aromatics;Pigmented;0.291651066;0.220305339;0.117021471;0.148835262;0.138307382;0.07169816;;;;;;;;;;
P7;Area 1;2013;Cont;Non-aromatic;Unpigmented;0.119700139;0;0.145959374;0.1158182;0;0.076901132;;;;;;;;;;
P8;Area 1;2013;No Cont;Non-aromatic;Pigmented;;;;0;0;0;;;;;;;;;;
P9;Area 1;2013;Cont;Non-aromatic;Pigmented;0.172434459;0.186115661;0.170240892;0.072013408;0;0.079032969;;;;;;;;;;
EC1;Area 3;2013;No Cont;Aromatics;Unpigmented;;;;0.073362098;0.074646346;0.194926765;;;;;;;;;;
EC10;Area 3;2013;No Cont;Non-aromatic;Pigmented;;;;0.198731885;0.220564112;0.14851879;;;;;;;;;;
EC12;Area 3;2013;Cont;Non-aromatic;Pigmented;0.185028321;0.265979748;0.221400739;0.116931568;0.12132493;0.175246022;;;;;;;;;;
EC13;Area 3;2013;No Cont;No plants;Unpigmented;;;;0.340499515;0.224337779;0.294672238;;;;;;;;;;
EC15;Area 3;2013;Cont;No plants;Unpigmented;0.23814208;0.208482804;0.361643238;0.151111294;0.196892102;0.250278342;;;;;;;;;;
EC16;Area 3;2013;No Cont;No plants;Pigmented;;;;0.141784558;0.141784558;0.071662;;;;;;;;;;
EC18;Area 3;2013;Cont;No plants;Pigmented;0.310254088;0.174827762;0.352169591;0.1827352;0.273423208;0.309134813;;;;;;;;;;
EC19;Area 3;2013;No Cont;Aromatics;No feather;;;;0.146136968;0.186681765;0.208726184;;;;;;;;;;
EC2;Area 3;2013;Cont;Aromatics;Unpigmented;0.239690594;0.119365295;0.257783213;0.188226179;0.071401004;0.190476707;;;;;;;;;;
EC20;Area 3;2013;Cont;Aromatics;No feather;0.214714674;0.210410886;0.279121155;0.250579858;0;0.262810912;;;;;;;;;;
EC21;Area 3;2013;Cont;Aromatics;No feather;0.202294913;0.278481195;0.290896007;0.188491415;0.210477683;0.154030573;;;;;;;;;;
EC22;Area 3;2013;No Cont;No plants;No feather;;;;0.24473654;;;;;;;;;;;;
EC22;Area 3;2013;No Cont;No plants;No feather;;;;0.071645277;;;;;;;;;;;;
EC23;Area 3;2013;Cont;No plants;No feather;0.239921036;0.238044659;0.349186686;0.206991744;0.149554966;0.213446;;;;;;;;;;
EC24;Area 3;2013;Cont;No plants;No feather;0.142869076;0.212904969;0.273461516;0.201377304;0.224544318;0.287995816;;;;;;;;;;
EC27;Area 3;2013;No Cont;Non-aromatic;No feather;;;;0.264140767;0.147401205;0.213782849;;;;;;;;;;
EC29;Area 3;2013;Cont;Non-aromatic;No feather;0.250745523;0.207506727;0.324050455;0.246211167;0.116592668;0.20415219;;;;;;;;;;
EC3;Area 3;2013;Cont;Aromatics;Unpigmented;0.151041996;0.282439442;0.299750365;0.149287906;0;0.318907311;;;;;;;;;;
EC30;Area 3;2013;No Cont;Aromatics;Unpigmented;;;;0.267251721;0.18695318;0.284305078;;;;;;;;;;
EC32;Area 3;2013;Cont;Aromatics;Unpigmented;0.287933799;0.242965266;0.213651461;0.291529939;0.295542255;0.240771201;;;;;;;;;;
EC33;Area 3;2013;No Cont;Aromatics;Pigmented;;;;0.286966888;0.07205587;0.304551133;;;;;;;;;;
EC35;Area 3;2013;Cont;Aromatics;Pigmented;0.15168228;0.190619397;0.293937795;0.223014864;0.173498217;0.202921198;;;;;;;;;;
EC36;Area 3;2013;No Cont;Non-aromatic;Unpigmented;;;;0.11576675;0.177060882;0.213744786;;;;;;;;;;
EC37;Area 3;2013;Cont;Non-aromatic;Unpigmented;0.259019716;0.217715712;0.363039183;0.298632021;0.190726435;0.314093599;;;;;;;;;;
EC38;Area 3;2013;Cont;Non-aromatic;Unpigmented;0.318069417;0.280680559;0.370582159;0.372778265;0.318550848;0.11480575;;;;;;;;;;
EC39;Area 3;2013;No Cont;Non-aromatic;Pigmented;;;;0.238156139;0.329969037;0.27224149;;;;;;;;;;
EC4;Area 3;2013;No Cont;Aromatics;Pigmented;;;;0.071553013;0.195055282;0.116536118;;;;;;;;;;
EC40;Area 3;2013;Cont;Non-aromatic;Pigmented;0.255055386;0.291158512;0.255606946;0.254222421;0.236937215;0.286791806;;;;;;;;;;
EC43;Area 3;2013;Cont;No plants;Unpigmented;0.262633557;0.213865201;0.238524194;0.222239349;0.164930598;0.11904722;;;;;;;;;;
EC45;Area 3;2013;No Cont;No plants;Pigmented;;;;0.227163767;0.224209772;0.275507005;;;;;;;;;;
EC46;Area 3;2013;Cont;No plants;Pigmented;0.244811772;0.179864948;0.293176746;0.274366023;0.246193384;0.241878071;;;;;;;;;;
EC47;Area 3;2013;Cont;No plants;Pigmented;0.224800288;0.207632814;0.249009022;0.111422549;0.075196476;0;;;;;;;;;;
EC48;Area 3;2013;No Cont;Aromatics;No feather;;;;0.114120728;0.148360433;0.169015;;;;;;;;;;
EC49;Area 3;2013;Cont;Aromatics;No feather;0.15068502;0.157844354;0.190014906;0.15568715;0.07391257;0.312318217;;;;;;;;;;
EC5;Area 3;2013;Cont;Aromatics;Pigmented;0.244230869;0.146861177;0.191661568;0.195432545;0.220548623;0.151814698;;;;;;;;;;
EC50;Area 3;2013;Cont;Aromatics;No feather;0.071280423;0.193276684;0.341139872;0.207880704;0.115916694;0.356921436;;;;;;;;;;
EC51;Area 3;2013;No Cont;No plants;No feather;;;;0.125010599;0.253153532;0.206229442;;;;;;;;;;
EC52;Area 3;2013;Cont;No plants;No feather;0.235214851;0.202287487;0.147037886;0.261465988;0.240683346;0.149189636;;;;;;;;;;
EC56;Area 3;2013;No Cont;Non-aromatic;No feather;;;;0.36549977;0.244465767;0.208747812;;;;;;;;;;
EC57;Area 3;2013;Cont;Non-aromatic;No feather;0.143209244;0.282873174;0.329369464;0.074033066;0.11841794;0.190074604;;;;;;;;;;
EC58;Area 3;2013;Cont;Non-aromatic;No feather;0.171494773;0.261531264;0.293615354;0;0.234786865;0.192049328;;;;;;;;;;
EC6;Area 3;2013;Cont;Aromatics;Pigmented;0.327652606;0.251234087;0.117359994;0.147116825;0.229128649;0.263151326;;;;;;;;;;
EC7;Area 3;2013;No Cont;Non-aromatic;Unpigmented;;;;0.221005879;0.214644031;0.177462971;;;;;;;;;;
EC8;Area 3;2013;Cont;Non-aromatic;Unpigmented;0.224705833;0.113450227;0.270722626;0.165963359;0.115331856;0.177797564;;;;;;;;;;
EC9;Area 3;2013;Cont;Non-aromatic;Unpigmented;0.352031126;0.116339758;0.285151708;0.115064888;0.116823005;0.074590199;;;;;;;;;;
